{"cameraMode":{"drawMode":0,"name":"Shaded","section":"Shading Mode"},"sceneLighting":true,"audioPlay":false,"sceneViewState":{"m_AlwaysRefresh":false,"showFog":true,"showSkybox":true,"showFlares":true,"showImageEffects":true,"showParticleSystems":true,"showVisualEffectGraphs":true,"m_FxEnabled":true},"in2DMode":false,"pivot":{"x":-0.8661177158355713,"y":13.071554183959961,"z":-5.020061016082764},"rotation":{"x":-0.5869711637496948,"y":-0.0034234309569001199,"z":0.002467154059559107,"w":-0.8096092343330383},"size":5.3238067626953129,"orthographic":false}